estructura,metodo,n,ns_por_op,tipo_medicion,ops_por_medicion,repeticiones,complejidad_esperada,bajo_resolucion
Calibracion,nanoTime_min_delta,0,100.00,CALIBRACION,1,1,n/a,0
Calibracion,lote_vacio,0,1.71,CALIBRACION,100000,15,n/a,0
Calibracion,una_vacia,0,100.00,CALIBRACION,1,1001,n/a,0
SinglyList,pushFront,10,10.29,LOTE_O1,100000,15,O(1),0
SinglyList,pushFront,100,10.64,LOTE_O1,100000,15,O(1),0
SinglyList,pushFront,1000,6.86,LOTE_O1,100000,15,O(1),0
SinglyList,pushFront,10000,6.94,LOTE_O1,100000,15,O(1),0
SinglyList,pushFront,100000,6.16,LOTE_O1,100000,15,O(1),0
SinglyList,pushFront,1000000,8.98,LOTE_O1,100000,15,O(1),0
SinglyList,popFront,10,12.09,LOTE_O1,100000,15,O(1),0
SinglyList,popFront,100,11.45,LOTE_O1,100000,15,O(1),0
SinglyList,popFront,1000,10.93,LOTE_O1,100000,15,O(1),0
SinglyList,popFront,10000,10.93,LOTE_O1,100000,15,O(1),0
SinglyList,popFront,100000,10.68,LOTE_O1,100000,15,O(1),0
SinglyList,popFront,1000000,11.06,LOTE_O1,100000,15,O(1),0
SinglyList,pushBack,10,0.00,OPERACION_ON,1,15,O(n),1
SinglyList,pushBack,100,200.00,OPERACION_ON,1,15,O(n),1
SinglyList,pushBack,1000,1800.00,OPERACION_ON,1,15,O(n),1
SinglyList,pushBack,10000,16800.00,OPERACION_ON,1,15,O(n),0
SinglyList,pushBack,100000,176600.00,OPERACION_ON,1,15,O(n),0
SinglyList,pushBack,1000000,2639500.00,OPERACION_ON,1,15,O(n),0
SinglyList,popBack,10,100.00,OPERACION_ON,1,15,O(n),1
SinglyList,popBack,100,300.00,OPERACION_ON,1,15,O(n),1
SinglyList,popBack,1000,2000.00,OPERACION_ON,1,15,O(n),0
SinglyList,popBack,10000,20000.00,OPERACION_ON,1,15,O(n),0
SinglyList,popBack,100000,218400.00,OPERACION_ON,1,15,O(n),0
SinglyList,popBack,1000000,2845600.00,OPERACION_ON,1,15,O(n),0
SinglyList,find,10,0.00,OPERACION_ON,1,15,O(n),1
SinglyList,find,100,500.00,OPERACION_ON,1,15,O(n),1
SinglyList,find,1000,2600.00,OPERACION_ON,1,15,O(n),0
SinglyList,find,10000,27300.00,OPERACION_ON,1,15,O(n),0
SinglyList,find,100000,1181800.00,OPERACION_ON,1,15,O(n),0
SinglyList,find,1000000,12874200.00,OPERACION_ON,1,15,O(n),0
SinglyList,erase,10,0.00,OPERACION_ON,1,15,O(n),1
SinglyList,erase,100,300.00,OPERACION_ON,1,15,O(n),1
SinglyList,erase,1000,2500.00,OPERACION_ON,1,15,O(n),0
SinglyList,erase,10000,27700.00,OPERACION_ON,1,15,O(n),0
SinglyList,erase,100000,1340900.00,OPERACION_ON,1,15,O(n),0
SinglyList,erase,1000000,11205700.00,OPERACION_ON,1,15,O(n),0
SinglyList,addBefore,10,100.00,OPERACION_ON,1,15,O(n),1
SinglyList,addBefore,100,300.00,OPERACION_ON,1,15,O(n),1
SinglyList,addBefore,1000,2000.00,OPERACION_ON,1,15,O(n),0
SinglyList,addBefore,10000,26800.00,OPERACION_ON,1,15,O(n),0
SinglyList,addBefore,100000,929300.00,OPERACION_ON,1,15,O(n),0
SinglyList,addBefore,1000000,14543400.00,OPERACION_ON,1,15,O(n),0
SinglyList,addAfter,10,100.00,OPERACION_ON,1,15,O(n),1
SinglyList,addAfter,100,400.00,OPERACION_ON,1,15,O(n),1
SinglyList,addAfter,1000,2600.00,OPERACION_ON,1,15,O(n),0
SinglyList,addAfter,10000,27000.00,OPERACION_ON,1,15,O(n),0
SinglyList,addAfter,100000,1380900.00,OPERACION_ON,1,15,O(n),0
SinglyList,addAfter,1000000,13353600.00,OPERACION_ON,1,15,O(n),0
SinglyList,isEmpty,10,2.63,LOTE_O1,100000,15,O(1),0
SinglyList,isEmpty,100,2.51,LOTE_O1,100000,15,O(1),0
SinglyList,isEmpty,1000,2.67,LOTE_O1,100000,15,O(1),0
SinglyList,isEmpty,10000,3.08,LOTE_O1,100000,15,O(1),0
SinglyList,isEmpty,100000,2.63,LOTE_O1,100000,15,O(1),0
SinglyList,isEmpty,1000000,2.55,LOTE_O1,100000,15,O(1),0
SinglyListTail,pushFront,10,6.21,LOTE_O1,100000,15,O(1),0
SinglyListTail,pushFront,100,6.14,LOTE_O1,100000,15,O(1),0
SinglyListTail,pushFront,1000,6.02,LOTE_O1,100000,15,O(1),0
SinglyListTail,pushFront,10000,7.59,LOTE_O1,100000,15,O(1),0
SinglyListTail,pushFront,100000,6.31,LOTE_O1,100000,15,O(1),0
SinglyListTail,pushFront,1000000,6.27,LOTE_O1,100000,15,O(1),0
SinglyListTail,popFront,10,10.42,LOTE_O1,100000,15,O(1),0
SinglyListTail,popFront,100,10.78,LOTE_O1,100000,15,O(1),0
SinglyListTail,popFront,1000,10.06,LOTE_O1,100000,15,O(1),0
SinglyListTail,popFront,10000,10.39,LOTE_O1,100000,15,O(1),0
SinglyListTail,popFront,100000,10.26,LOTE_O1,100000,15,O(1),0
SinglyListTail,popFront,1000000,10.68,LOTE_O1,100000,15,O(1),0
SinglyListTail,pushBack,10,4.69,LOTE_O1,100000,15,O(1),0
SinglyListTail,pushBack,100,4.63,LOTE_O1,100000,15,O(1),0
SinglyListTail,pushBack,1000,4.50,LOTE_O1,100000,15,O(1),0
SinglyListTail,pushBack,10000,4.70,LOTE_O1,100000,15,O(1),0
SinglyListTail,pushBack,100000,4.46,LOTE_O1,100000,15,O(1),0
SinglyListTail,pushBack,1000000,4.97,LOTE_O1,100000,15,O(1),0
SinglyListTail,popBack,10,200.00,OPERACION_ON,1,15,O(n),1
SinglyListTail,popBack,100,300.00,OPERACION_ON,1,15,O(n),1
SinglyListTail,popBack,1000,1800.00,OPERACION_ON,1,15,O(n),1
SinglyListTail,popBack,10000,16900.00,OPERACION_ON,1,15,O(n),0
SinglyListTail,popBack,100000,167100.00,OPERACION_ON,1,15,O(n),0
SinglyListTail,popBack,1000000,2708600.00,OPERACION_ON,1,15,O(n),0
SinglyListTail,find,10,200.00,OPERACION_ON,1,15,O(n),1
SinglyListTail,find,100,300.00,OPERACION_ON,1,15,O(n),1
SinglyListTail,find,1000,2400.00,OPERACION_ON,1,15,O(n),0
SinglyListTail,find,10000,26900.00,OPERACION_ON,1,15,O(n),0
SinglyListTail,find,100000,1721900.00,OPERACION_ON,1,15,O(n),0
SinglyListTail,find,1000000,12679000.00,OPERACION_ON,1,15,O(n),0
SinglyListTail,erase,10,200.00,OPERACION_ON,1,15,O(n),1
SinglyListTail,erase,100,300.00,OPERACION_ON,1,15,O(n),1
SinglyListTail,erase,1000,2800.00,OPERACION_ON,1,15,O(n),0
SinglyListTail,erase,10000,28700.00,OPERACION_ON,1,15,O(n),0
SinglyListTail,erase,100000,935700.00,OPERACION_ON,1,15,O(n),0
SinglyListTail,erase,1000000,12272800.00,OPERACION_ON,1,15,O(n),0
SinglyListTail,addBefore,10,200.00,OPERACION_ON,1,15,O(n),1
SinglyListTail,addBefore,100,300.00,OPERACION_ON,1,15,O(n),1
SinglyListTail,addBefore,1000,2600.00,OPERACION_ON,1,15,O(n),0
SinglyListTail,addBefore,10000,38000.00,OPERACION_ON,1,15,O(n),0
SinglyListTail,addBefore,100000,1105400.00,OPERACION_ON,1,15,O(n),0
SinglyListTail,addBefore,1000000,13474700.00,OPERACION_ON,1,15,O(n),0
SinglyListTail,addAfter,10,100.00,OPERACION_ON,1,15,O(n),1
SinglyListTail,addAfter,100,400.00,OPERACION_ON,1,15,O(n),1
SinglyListTail,addAfter,1000,2700.00,OPERACION_ON,1,15,O(n),0
SinglyListTail,addAfter,10000,34600.00,OPERACION_ON,1,15,O(n),0
SinglyListTail,addAfter,100000,1011800.00,OPERACION_ON,1,15,O(n),0
SinglyListTail,addAfter,1000000,13373600.00,OPERACION_ON,1,15,O(n),0
SinglyListTail,isEmpty,10,4.25,LOTE_O1,100000,15,O(1),0
SinglyListTail,isEmpty,100,4.21,LOTE_O1,100000,15,O(1),0
SinglyListTail,isEmpty,1000,4.18,LOTE_O1,100000,15,O(1),0
SinglyListTail,isEmpty,10000,4.26,LOTE_O1,100000,15,O(1),0
SinglyListTail,isEmpty,100000,4.42,LOTE_O1,100000,15,O(1),0
SinglyListTail,isEmpty,1000000,4.15,LOTE_O1,100000,15,O(1),0
DoublyList,pushFront,10,7.58,LOTE_O1,100000,15,O(1),0
DoublyList,pushFront,100,7.53,LOTE_O1,100000,15,O(1),0
DoublyList,pushFront,1000,7.25,LOTE_O1,100000,15,O(1),0
DoublyList,pushFront,10000,6.99,LOTE_O1,100000,15,O(1),0
DoublyList,pushFront,100000,7.14,LOTE_O1,100000,15,O(1),0
DoublyList,pushFront,1000000,7.16,LOTE_O1,100000,15,O(1),0
DoublyList,popFront,10,10.85,LOTE_O1,100000,15,O(1),0
DoublyList,popFront,100,10.50,LOTE_O1,100000,15,O(1),0
DoublyList,popFront,1000,10.96,LOTE_O1,100000,15,O(1),0
DoublyList,popFront,10000,10.89,LOTE_O1,100000,15,O(1),0
DoublyList,popFront,100000,10.74,LOTE_O1,100000,15,O(1),0
DoublyList,popFront,1000000,10.45,LOTE_O1,100000,15,O(1),0
DoublyList,pushBack,10,100.00,OPERACION_ON,1,15,O(n),1
DoublyList,pushBack,100,300.00,OPERACION_ON,1,15,O(n),1
DoublyList,pushBack,1000,1700.00,OPERACION_ON,1,15,O(n),1
DoublyList,pushBack,10000,17500.00,OPERACION_ON,1,15,O(n),0
DoublyList,pushBack,100000,164000.00,OPERACION_ON,1,15,O(n),0
DoublyList,pushBack,1000000,2612800.00,OPERACION_ON,1,15,O(n),0
DoublyList,popBack,10,100.00,OPERACION_ON,1,15,O(n),1
DoublyList,popBack,100,300.00,OPERACION_ON,1,15,O(n),1
DoublyList,popBack,1000,1800.00,OPERACION_ON,1,15,O(n),1
DoublyList,popBack,10000,17500.00,OPERACION_ON,1,15,O(n),0
DoublyList,popBack,100000,169300.00,OPERACION_ON,1,15,O(n),0
DoublyList,popBack,1000000,2852900.00,OPERACION_ON,1,15,O(n),0
DoublyList,find,10,100.00,OPERACION_ON,1,15,O(n),1
DoublyList,find,100,400.00,OPERACION_ON,1,15,O(n),1
DoublyList,find,1000,2400.00,OPERACION_ON,1,15,O(n),0
DoublyList,find,10000,26900.00,OPERACION_ON,1,15,O(n),0
DoublyList,find,100000,1032500.00,OPERACION_ON,1,15,O(n),0
DoublyList,find,1000000,13195900.00,OPERACION_ON,1,15,O(n),0
DoublyList,erase,10,100.00,OPERACION_ON,1,15,O(n),1
DoublyList,erase,100,300.00,OPERACION_ON,1,15,O(n),1
DoublyList,erase,1000,2600.00,OPERACION_ON,1,15,O(n),0
DoublyList,erase,10000,40600.00,OPERACION_ON,1,15,O(n),0
DoublyList,erase,100000,974100.00,OPERACION_ON,1,15,O(n),0
DoublyList,erase,1000000,12013300.00,OPERACION_ON,1,15,O(n),0
DoublyList,addBefore,10,200.00,OPERACION_ON,1,15,O(n),1
DoublyList,addBefore,100,400.00,OPERACION_ON,1,15,O(n),1
DoublyList,addBefore,1000,2600.00,OPERACION_ON,1,15,O(n),0
DoublyList,addBefore,10000,33000.00,OPERACION_ON,1,15,O(n),0
DoublyList,addBefore,100000,1173800.00,OPERACION_ON,1,15,O(n),0
DoublyList,addBefore,1000000,12896900.00,OPERACION_ON,1,15,O(n),0
DoublyList,addAfter,10,200.00,OPERACION_ON,1,15,O(n),1
DoublyList,addAfter,100,400.00,OPERACION_ON,1,15,O(n),1
DoublyList,addAfter,1000,2700.00,OPERACION_ON,1,15,O(n),0
DoublyList,addAfter,10000,29500.00,OPERACION_ON,1,15,O(n),0
DoublyList,addAfter,100000,1056200.00,OPERACION_ON,1,15,O(n),0
DoublyList,addAfter,1000000,13503000.00,OPERACION_ON,1,15,O(n),0
DoublyList,isEmpty,10,4.21,LOTE_O1,100000,15,O(1),0
DoublyList,isEmpty,100,4.24,LOTE_O1,100000,15,O(1),0
DoublyList,isEmpty,1000,4.20,LOTE_O1,100000,15,O(1),0
DoublyList,isEmpty,10000,4.18,LOTE_O1,100000,15,O(1),0
DoublyList,isEmpty,100000,4.96,LOTE_O1,100000,15,O(1),0
DoublyList,isEmpty,1000000,4.21,LOTE_O1,100000,15,O(1),0
DoublyListTail,pushFront,10,8.53,LOTE_O1,100000,15,O(1),0
DoublyListTail,pushFront,100,6.79,LOTE_O1,100000,15,O(1),0
DoublyListTail,pushFront,1000,7.59,LOTE_O1,100000,15,O(1),0
DoublyListTail,pushFront,10000,6.75,LOTE_O1,100000,15,O(1),0
DoublyListTail,pushFront,100000,6.59,LOTE_O1,100000,15,O(1),0
DoublyListTail,pushFront,1000000,6.68,LOTE_O1,100000,15,O(1),0
DoublyListTail,popFront,10,10.98,LOTE_O1,100000,15,O(1),0
DoublyListTail,popFront,100,11.33,LOTE_O1,100000,15,O(1),0
DoublyListTail,popFront,1000,11.92,LOTE_O1,100000,15,O(1),0
DoublyListTail,popFront,10000,11.60,LOTE_O1,100000,15,O(1),0
DoublyListTail,popFront,100000,10.43,LOTE_O1,100000,15,O(1),0
DoublyListTail,popFront,1000000,10.32,LOTE_O1,100000,15,O(1),0
DoublyListTail,pushBack,10,5.20,LOTE_O1,100000,15,O(1),0
DoublyListTail,pushBack,100,5.46,LOTE_O1,100000,15,O(1),0
DoublyListTail,pushBack,1000,5.33,LOTE_O1,100000,15,O(1),0
DoublyListTail,pushBack,10000,5.90,LOTE_O1,100000,15,O(1),0
DoublyListTail,pushBack,100000,5.39,LOTE_O1,100000,15,O(1),0
DoublyListTail,pushBack,1000000,5.28,LOTE_O1,100000,15,O(1),0
DoublyListTail,popBack,10,8.85,LOTE_O1,100000,15,O(1),0
DoublyListTail,popBack,100,8.88,LOTE_O1,100000,15,O(1),0
DoublyListTail,popBack,1000,8.83,LOTE_O1,100000,15,O(1),0
DoublyListTail,popBack,10000,9.13,LOTE_O1,100000,15,O(1),0
DoublyListTail,popBack,100000,8.82,LOTE_O1,100000,15,O(1),0
DoublyListTail,popBack,1000000,9.36,LOTE_O1,100000,15,O(1),0
DoublyListTail,find,10,200.00,OPERACION_ON,1,15,O(n),1
DoublyListTail,find,100,400.00,OPERACION_ON,1,15,O(n),1
DoublyListTail,find,1000,2400.00,OPERACION_ON,1,15,O(n),0
DoublyListTail,find,10000,38000.00,OPERACION_ON,1,15,O(n),0
DoublyListTail,find,100000,1098700.00,OPERACION_ON,1,15,O(n),0
DoublyListTail,find,1000000,12958100.00,OPERACION_ON,1,15,O(n),0
DoublyListTail,erase,10,100.00,OPERACION_ON,1,15,O(n),1
DoublyListTail,erase,100,300.00,OPERACION_ON,1,15,O(n),1
DoublyListTail,erase,1000,3000.00,OPERACION_ON,1,15,O(n),0
DoublyListTail,erase,10000,26200.00,OPERACION_ON,1,15,O(n),0
DoublyListTail,erase,100000,1179800.00,OPERACION_ON,1,15,O(n),0
DoublyListTail,erase,1000000,13521800.00,OPERACION_ON,1,15,O(n),0
DoublyListTail,addBefore,10,200.00,OPERACION_ON,1,15,O(n),1
DoublyListTail,addBefore,100,300.00,OPERACION_ON,1,15,O(n),1
DoublyListTail,addBefore,1000,2500.00,OPERACION_ON,1,15,O(n),0
DoublyListTail,addBefore,10000,28200.00,OPERACION_ON,1,15,O(n),0
DoublyListTail,addBefore,100000,970000.00,OPERACION_ON,1,15,O(n),0
DoublyListTail,addBefore,1000000,12703100.00,OPERACION_ON,1,15,O(n),0
DoublyListTail,addAfter,10,100.00,OPERACION_ON,1,15,O(n),1
DoublyListTail,addAfter,100,300.00,OPERACION_ON,1,15,O(n),1
DoublyListTail,addAfter,1000,2600.00,OPERACION_ON,1,15,O(n),0
DoublyListTail,addAfter,10000,28800.00,OPERACION_ON,1,15,O(n),0
DoublyListTail,addAfter,100000,818300.00,OPERACION_ON,1,15,O(n),0
DoublyListTail,addAfter,1000000,13167900.00,OPERACION_ON,1,15,O(n),0
DoublyListTail,isEmpty,10,4.13,LOTE_O1,100000,15,O(1),0
DoublyListTail,isEmpty,100,4.34,LOTE_O1,100000,15,O(1),0
DoublyListTail,isEmpty,1000,4.28,LOTE_O1,100000,15,O(1),0
DoublyListTail,isEmpty,10000,4.26,LOTE_O1,100000,15,O(1),0
DoublyListTail,isEmpty,100000,4.13,LOTE_O1,100000,15,O(1),0
DoublyListTail,isEmpty,1000000,9.16,LOTE_O1,100000,15,O(1),0
Stack,push,10,10.00,AMORTIZADO,10,15,O(1) amortizado,1
Stack,push,100,9.00,AMORTIZADO,100,15,O(1) amortizado,1
Stack,push,1000,6.80,AMORTIZADO,1000,15,O(1) amortizado,0
Stack,push,10000,6.16,AMORTIZADO,10000,15,O(1) amortizado,0
Stack,push,100000,9.05,AMORTIZADO,100000,15,O(1) amortizado,0
Stack,push,1000000,25.77,AMORTIZADO,1000000,15,O(1) amortizado,0
Stack,pop,10,9.36,LOTE_O1,100000,15,O(1),0
Stack,pop,100,9.35,LOTE_O1,100000,15,O(1),0
Stack,pop,1000,8.78,LOTE_O1,100000,15,O(1),0
Stack,pop,10000,8.48,LOTE_O1,100000,15,O(1),0
Stack,pop,100000,8.78,LOTE_O1,100000,15,O(1),0
Stack,pop,1000000,8.99,LOTE_O1,100000,15,O(1),0
Stack,peek,10,7.92,LOTE_O1,100000,15,O(1),0
Stack,peek,100,8.24,LOTE_O1,100000,15,O(1),0
Stack,peek,1000,8.31,LOTE_O1,100000,15,O(1),0
Stack,peek,10000,8.15,LOTE_O1,100000,15,O(1),0
Stack,peek,100000,8.35,LOTE_O1,100000,15,O(1),0
Stack,peek,1000000,3.40,LOTE_O1,100000,15,O(1),0
Stack,isEmpty,10,2.33,LOTE_O1,100000,15,O(1),0
Stack,isEmpty,100,2.33,LOTE_O1,100000,15,O(1),0
Stack,isEmpty,1000,4.34,LOTE_O1,100000,15,O(1),0
Stack,isEmpty,10000,2.36,LOTE_O1,100000,15,O(1),0
Stack,isEmpty,100000,2.65,LOTE_O1,100000,15,O(1),0
Stack,isEmpty,1000000,2.32,LOTE_O1,100000,15,O(1),0
Stack,size,10,2.68,LOTE_O1,100000,15,O(1),0
Stack,size,100,2.54,LOTE_O1,100000,15,O(1),0
Stack,size,1000,2.59,LOTE_O1,100000,15,O(1),0
Stack,size,10000,2.59,LOTE_O1,100000,15,O(1),0
Stack,size,100000,2.48,LOTE_O1,100000,15,O(1),0
Stack,size,1000000,2.81,LOTE_O1,100000,15,O(1),0
Stack,delete,10,200.00,OPERACION_ON,1,15,O(n),1
Stack,delete,100,400.00,OPERACION_ON,1,15,O(n),1
Stack,delete,1000,3000.00,OPERACION_ON,1,15,O(n),0
Stack,delete,10000,53200.00,OPERACION_ON,1,15,O(n),0
Stack,delete,100000,1022400.00,OPERACION_ON,1,15,O(n),0
Stack,delete,1000000,20334400.00,OPERACION_ON,1,15,O(n),0
Queue,enqueue,10,10.00,AMORTIZADO,10,15,O(1) amortizado,1
Queue,enqueue,100,11.00,AMORTIZADO,100,15,O(1) amortizado,1
Queue,enqueue,1000,8.60,AMORTIZADO,1000,15,O(1) amortizado,0
Queue,enqueue,10000,8.38,AMORTIZADO,10000,15,O(1) amortizado,0
Queue,enqueue,100000,10.05,AMORTIZADO,100000,15,O(1) amortizado,0
Queue,enqueue,1000000,19.85,AMORTIZADO,1000000,15,O(1) amortizado,0
Queue,dequeue,10,9.33,LOTE_O1,100000,15,O(1),0
Queue,dequeue,100,9.29,LOTE_O1,100000,15,O(1),0
Queue,dequeue,1000,8.76,LOTE_O1,100000,15,O(1),0
Queue,dequeue,10000,9.10,LOTE_O1,100000,15,O(1),0
Queue,dequeue,100000,9.12,LOTE_O1,100000,15,O(1),0
Queue,dequeue,1000000,9.73,LOTE_O1,100000,15,O(1),0
Queue,front,10,8.66,LOTE_O1,100000,15,O(1),0
Queue,front,100,8.17,LOTE_O1,100000,15,O(1),0
Queue,front,1000,8.85,LOTE_O1,100000,15,O(1),0
Queue,front,10000,8.19,LOTE_O1,100000,15,O(1),0
Queue,front,100000,8.45,LOTE_O1,100000,15,O(1),0
Queue,front,1000000,8.10,LOTE_O1,100000,15,O(1),0
Queue,isEmpty,10,2.40,LOTE_O1,100000,15,O(1),0
Queue,isEmpty,100,2.48,LOTE_O1,100000,15,O(1),0
Queue,isEmpty,1000,2.29,LOTE_O1,100000,15,O(1),0
Queue,isEmpty,10000,2.32,LOTE_O1,100000,15,O(1),0
Queue,isEmpty,100000,2.35,LOTE_O1,100000,15,O(1),0
Queue,isEmpty,1000000,2.33,LOTE_O1,100000,15,O(1),0
Queue,size,10,5.04,LOTE_O1,100000,15,O(1),0
Queue,size,100,2.48,LOTE_O1,100000,15,O(1),0
Queue,size,1000,2.47,LOTE_O1,100000,15,O(1),0
Queue,size,10000,2.38,LOTE_O1,100000,15,O(1),0
Queue,size,100000,2.48,LOTE_O1,100000,15,O(1),0
Queue,size,1000000,2.51,LOTE_O1,100000,15,O(1),0
Queue,delete,10,200.00,OPERACION_ON,1,15,O(n),1
Queue,delete,100,400.00,OPERACION_ON,1,15,O(n),1
Queue,delete,1000,2700.00,OPERACION_ON,1,15,O(n),0
Queue,delete,10000,26300.00,OPERACION_ON,1,15,O(n),0
Queue,delete,100000,1319200.00,OPERACION_ON,1,15,O(n),0
Queue,delete,1000000,16446300.00,OPERACION_ON,1,15,O(n),0
